[
	{
		"songName": "Wang Mays",
		"artistName": "Nasim Gallegos",
		"ensemble": "Mixed Choir",
		"Voicing": "SATB divisi",
		"Level": "Intermediate",
		"Genre": "Opera",
		"Theme": "Medley",
		"Tempo": "Changing",
		"Language": "eng"
	},
	{
		"songName": "Dylan Morales",
		"artistName": "Nash Mcpherson",
		"ensemble": "Children’s choir",
		"Voicing": "TB",
		"Level": "Advanced",
		"Genre": "Sacred",
		"Theme": "Holiday",
		"Tempo": "Changing",
		"Language": "fr"
	},
	{
		"songName": "Nicholas Dunn",
		"artistName": "Skyler Merrill",
		"ensemble": "Children’s choir",
		"Voicing": "SATB",
		"Level": "Intermediate",
		"Genre": "Pop & Rock",
		"Theme": "Medley",
		"Tempo": "Changing",
		"Language": "eng"
	},
	{
		"songName": "Lani Padilla",
		"artistName": "Garrett Donovan",
		"ensemble": "Women’s choir",
		"Voicing": "2-part",
		"Level": "Advanced",
		"Genre": "Contemporary",
		"Theme": "Wedding",
		"Tempo": "Changing",
		"Language": "eng"
	},
	{
		"songName": "Melodie Moore",
		"artistName": "Byron Bell",
		"ensemble": "Women’s choir",
		"Voicing": "SATB",
		"Level": "Advanced",
		"Genre": "Pop & Rock",
		"Theme": "Medley",
		"Tempo": "Ballad",
		"Language": "eng"
	},
	{
		"songName": "Glenna Herring",
		"artistName": "Moana Jacobs",
		"ensemble": "Women’s choir",
		"Voicing": "3-part",
		"Level": "Beginner",
		"Genre": "Contemporary",
		"Theme": "Funeral/Memorial",
		"Tempo": "Changing",
		"Language": "be"
	},
	{
		"songName": "Ahmed Tucker",
		"artistName": "Illana Wood",
		"ensemble": "Women’s choir",
		"Voicing": "SAB",
		"Level": "Beginner",
		"Genre": "Pop & Rock",
		"Theme": "Medley",
		"Tempo": "Changing",
		"Language": "it"
	},
	{
		"songName": "Ingrid Conrad",
		"artistName": "Lila Monroe",
		"ensemble": "Children’s choir",
		"Voicing": "SATB divisi",
		"Level": "Beginner",
		"Genre": "Latin",
		"Theme": "Christmas",
		"Tempo": "Medium",
		"Language": "eng"
	},
	{
		"songName": "Keely Ratliff",
		"artistName": "Candice Gonzalez",
		"ensemble": "Mixed Choir",
		"Voicing": "double choir",
		"Level": "Intermediate",
		"Genre": "Contemporary",
		"Theme": "Holiday",
		"Tempo": "Up tempo",
		"Language": "eng"
	},
	{
		"songName": "Cedric Carr",
		"artistName": "Laith Tucker",
		"ensemble": "Women’s choir",
		"Voicing": "SAB",
		"Level": "Beginner",
		"Genre": "Barbershop",
		"Theme": "Funeral/Memorial",
		"Tempo": "Ballad",
		"Language": "fr"
	},
	{
		"songName": "Preston Winters",
		"artistName": "Russell Mccormick",
		"ensemble": "Men’s choir",
		"Voicing": "TB",
		"Level": "Advanced",
		"Genre": "Opera",
		"Theme": "Christmas",
		"Tempo": "Changing",
		"Language": "it"
	},
	{
		"songName": "Deacon Roach",
		"artistName": "Nevada Anderson",
		"ensemble": "Men’s choir",
		"Voicing": "unison",
		"Level": "Beginner",
		"Genre": "R&B/Soul",
		"Theme": "Christmas",
		"Tempo": "Up tempo",
		"Language": "fr"
	},
	{
		"songName": "Helen Larsen",
		"artistName": "Xenos Noel",
		"ensemble": "Men’s choir",
		"Voicing": "SA",
		"Level": "Intermediate",
		"Genre": "Barbershop",
		"Theme": "Holiday",
		"Tempo": "Changing",
		"Language": "it"
	},
	{
		"songName": "Hayfa Torres",
		"artistName": "Joan Hodges",
		"ensemble": "Men’s choir",
		"Voicing": "double choir",
		"Level": "Beginner",
		"Genre": "Blues",
		"Theme": "Medley",
		"Tempo": "Changing",
		"Language": "eng"
	},
	{
		"songName": "Sandra Martinez",
		"artistName": "Harding Mcconnell",
		"ensemble": "Mixed Choir",
		"Voicing": "2-part",
		"Level": "Advanced",
		"Genre": "Opera",
		"Theme": "Medley",
		"Tempo": "Up tempo",
		"Language": "it"
	},
	{
		"songName": "Harding Solomon",
		"artistName": "Priscilla Norris",
		"ensemble": "Men’s choir",
		"Voicing": "TTBB divisi",
		"Level": "Intermediate",
		"Genre": "World",
		"Theme": "Holiday",
		"Tempo": "Changing",
		"Language": "be"
	},
	{
		"songName": "Anastasia Maldonado",
		"artistName": "Ruth Dodson",
		"ensemble": "Women’s choir",
		"Voicing": "SSA",
		"Level": "Advanced",
		"Genre": "Opera",
		"Theme": "Medley",
		"Tempo": "Up tempo",
		"Language": "nl"
	},
	{
		"songName": "Denton Wise",
		"artistName": "Quyn Britt",
		"ensemble": "Men’s choir",
		"Voicing": "TTBB divisi",
		"Level": "Intermediate",
		"Genre": "Jazz",
		"Theme": "Holiday",
		"Tempo": "Changing",
		"Language": "fr"
	},
	{
		"songName": "Amity Trevino",
		"artistName": "Serina Guzman",
		"ensemble": "Children’s choir",
		"Voicing": "TB",
		"Level": "Advanced",
		"Genre": "Barbershop",
		"Theme": "Holiday",
		"Tempo": "Up tempo",
		"Language": "eng"
	},
	{
		"songName": "Indira Cardenas",
		"artistName": "Roth Gamble",
		"ensemble": "Women’s choir",
		"Voicing": "SSA",
		"Level": "Advanced",
		"Genre": "Contemporary",
		"Theme": "Wedding",
		"Tempo": "Medium",
		"Language": "fr"
	},
	{
		"songName": "Derek Dixon",
		"artistName": "Kyle Lucas",
		"ensemble": "Children’s choir",
		"Voicing": "SATB",
		"Level": "Advanced",
		"Genre": "Barbershop",
		"Theme": "Funeral/Memorial",
		"Tempo": "Up tempo",
		"Language": "es"
	},
	{
		"songName": "Jeremy Higgins",
		"artistName": "Aaron Knapp",
		"ensemble": "Men’s choir",
		"Voicing": "TB",
		"Level": "Beginner",
		"Genre": "Opera",
		"Theme": "Holiday",
		"Tempo": "Ballad",
		"Language": "fr"
	},
	{
		"songName": "Shelby Sykes",
		"artistName": "Brendan Barron",
		"ensemble": "Mixed Choir",
		"Voicing": "SATB",
		"Level": "Advanced",
		"Genre": "Barbershop",
		"Theme": "Wedding",
		"Tempo": "Medium",
		"Language": "eng"
	},
	{
		"songName": "Donovan Martin",
		"artistName": "Rhiannon Webster",
		"ensemble": "Women’s choir",
		"Voicing": "SSA",
		"Level": "Intermediate",
		"Genre": "Opera",
		"Theme": "Holiday",
		"Tempo": "Changing",
		"Language": "eng"
	},
	{
		"songName": "Hu Stafford",
		"artistName": "Ursa Petersen",
		"ensemble": "Mixed Choir",
		"Voicing": "SATB",
		"Level": "Advanced",
		"Genre": "Jazz",
		"Theme": "Wedding",
		"Tempo": "Up tempo",
		"Language": "be"
	},
	{
		"songName": "Lani Carr",
		"artistName": "Inez Miranda",
		"ensemble": "Mixed Choir",
		"Voicing": "TB",
		"Level": "Intermediate",
		"Genre": "Opera",
		"Theme": "Funeral/Memorial",
		"Tempo": "Ballad",
		"Language": "es"
	},
	{
		"songName": "Hyatt Fox",
		"artistName": "Gareth Allen",
		"ensemble": "Mixed Choir",
		"Voicing": "2-part",
		"Level": "Advanced",
		"Genre": "Country",
		"Theme": "Wedding",
		"Tempo": "Changing",
		"Language": "fr"
	},
	{
		"songName": "Alfreda Vance",
		"artistName": "Nicole Cote",
		"ensemble": "Women’s choir",
		"Voicing": "TTBB divisi",
		"Level": "Beginner",
		"Genre": "Film",
		"Theme": "Wedding",
		"Tempo": "Changing",
		"Language": "nl"
	},
	{
		"songName": "Emma Roach",
		"artistName": "Claire Mcleod",
		"ensemble": "Women’s choir",
		"Voicing": "SATB divisi",
		"Level": "Intermediate",
		"Genre": "Sacred",
		"Theme": "Holiday",
		"Tempo": "Up tempo",
		"Language": "fr"
	},
	{
		"songName": "Kadeem Snider",
		"artistName": "Evangeline Robbins",
		"ensemble": "Mixed Choir",
		"Voicing": "2-part",
		"Level": "Intermediate",
		"Genre": "World",
		"Theme": "Funeral/Memorial",
		"Tempo": "Changing",
		"Language": "eng"
	},
	{
		"songName": "Jonas Ray",
		"artistName": "Keane Gilliam",
		"ensemble": "Men’s choir",
		"Voicing": "SATB divisi",
		"Level": "Advanced",
		"Genre": "Classical",
		"Theme": "Medley",
		"Tempo": "Ballad",
		"Language": "nl"
	},
	{
		"songName": "Holmes Roy",
		"artistName": "Curran Adkins",
		"ensemble": "Mixed Choir",
		"Voicing": "SATB divisi",
		"Level": "Advanced",
		"Genre": "Contemporary",
		"Theme": "Wedding",
		"Tempo": "Up tempo",
		"Language": "nl"
	},
	{
		"songName": "Emi Reilly",
		"artistName": "Richard Hutchinson",
		"ensemble": "Men’s choir",
		"Voicing": "SSA divisi",
		"Level": "Intermediate",
		"Genre": "Classical",
		"Theme": "Wedding",
		"Tempo": "Medium",
		"Language": "nl"
	},
	{
		"songName": "Melyssa Solomon",
		"artistName": "Carlos Fischer",
		"ensemble": "Children’s choir",
		"Voicing": "2-part",
		"Level": "Intermediate",
		"Genre": "TV & Musical",
		"Theme": "Christmas",
		"Tempo": "Medium",
		"Language": "nl"
	},
	{
		"songName": "Halla Brooks",
		"artistName": "Sebastian Whitaker",
		"ensemble": "Men’s choir",
		"Voicing": "3-part",
		"Level": "Intermediate",
		"Genre": "R&B/Soul",
		"Theme": "Wedding",
		"Tempo": "Up tempo",
		"Language": "it"
	},
	{
		"songName": "Zoe Jordan",
		"artistName": "Lamar Justice",
		"ensemble": "Mixed Choir",
		"Voicing": "SSA",
		"Level": "Advanced",
		"Genre": "Sacred",
		"Theme": "Christmas",
		"Tempo": "Up tempo",
		"Language": "nl"
	},
	{
		"songName": "Amanda Weaver",
		"artistName": "Roanna Foley",
		"ensemble": "Mixed Choir",
		"Voicing": "SAB",
		"Level": "Intermediate",
		"Genre": "Barbershop",
		"Theme": "Holiday",
		"Tempo": "Medium",
		"Language": "nl"
	},
	{
		"songName": "Jakeem Ball",
		"artistName": "Carolyn Reid",
		"ensemble": "Mixed Choir",
		"Voicing": "SSA",
		"Level": "Intermediate",
		"Genre": "Children",
		"Theme": "Funeral/Memorial",
		"Tempo": "Changing",
		"Language": "fr"
	},
	{
		"songName": "Ocean Gay",
		"artistName": "Neil Gibbs",
		"ensemble": "Men’s choir",
		"Voicing": "TTBB divisi",
		"Level": "Beginner",
		"Genre": "Sacred",
		"Theme": "Funeral/Memorial",
		"Tempo": "Up tempo",
		"Language": "nl"
	},
	{
		"songName": "Plato Rowe",
		"artistName": "Noah Schmidt",
		"ensemble": "Men’s choir",
		"Voicing": "TB",
		"Level": "Intermediate",
		"Genre": "Opera",
		"Theme": "Wedding",
		"Tempo": "Up tempo",
		"Language": "es"
	},
	{
		"songName": "Hedy Dyer",
		"artistName": "Vernon Meyer",
		"ensemble": "Mixed Choir",
		"Voicing": "double choir",
		"Level": "Advanced",
		"Genre": "Pop & Rock",
		"Theme": "Christmas",
		"Tempo": "Ballad",
		"Language": "it"
	},
	{
		"songName": "Yasir Mendez",
		"artistName": "Cole Peters",
		"ensemble": "Mixed Choir",
		"Voicing": "SA",
		"Level": "Advanced",
		"Genre": "World",
		"Theme": "Wedding",
		"Tempo": "Changing",
		"Language": "eng"
	},
	{
		"songName": "Madaline Figueroa",
		"artistName": "Barry Benson",
		"ensemble": "Men’s choir",
		"Voicing": "SATB divisi",
		"Level": "Intermediate",
		"Genre": "Children",
		"Theme": "Funeral/Memorial",
		"Tempo": "Medium",
		"Language": "eng"
	},
	{
		"songName": "Quinn Roach",
		"artistName": "Cooper Keith",
		"ensemble": "Men’s choir",
		"Voicing": "2-part",
		"Level": "Advanced",
		"Genre": "Blues",
		"Theme": "Christmas",
		"Tempo": "Medium",
		"Language": "be"
	},
	{
		"songName": "Lucius Simmons",
		"artistName": "Slade Luna",
		"ensemble": "Mixed Choir",
		"Voicing": "SSA divisi",
		"Level": "Advanced",
		"Genre": "Contemporary",
		"Theme": "Wedding",
		"Tempo": "Medium",
		"Language": "be"
	},
	{
		"songName": "Kessie Bowman",
		"artistName": "Rebekah David",
		"ensemble": "Men’s choir",
		"Voicing": "SAB",
		"Level": "Intermediate",
		"Genre": "Barbershop",
		"Theme": "Holiday",
		"Tempo": "Medium",
		"Language": "fr"
	},
	{
		"songName": "Dolan Mcgee",
		"artistName": "Hakeem Mckinney",
		"ensemble": "Women’s choir",
		"Voicing": "TB",
		"Level": "Advanced",
		"Genre": "Blues",
		"Theme": "Holiday",
		"Tempo": "Ballad",
		"Language": "nl"
	},
	{
		"songName": "Sydney Sloan",
		"artistName": "Mallory Shaffer",
		"ensemble": "Children’s choir",
		"Voicing": "3-part",
		"Level": "Intermediate",
		"Genre": "Barbershop",
		"Theme": "Wedding",
		"Tempo": "Changing",
		"Language": "be"
	},
	{
		"songName": "Camden Livingston",
		"artistName": "Norman Jennings",
		"ensemble": "Mixed Choir",
		"Voicing": "double choir",
		"Level": "Intermediate",
		"Genre": "Barbershop",
		"Theme": "Wedding",
		"Tempo": "Changing",
		"Language": "nl"
	},
	{
		"songName": "Jameson Riley",
		"artistName": "Vielka Berger",
		"ensemble": "Men’s choir",
		"Voicing": "double choir",
		"Level": "Beginner",
		"Genre": "Contemporary",
		"Theme": "Christmas",
		"Tempo": "Medium",
		"Language": "nl"
	},
	{
		"songName": "Myra Heath",
		"artistName": "Stuart Sexton",
		"ensemble": "Children’s choir",
		"Voicing": "unison",
		"Level": "Advanced",
		"Genre": "Pop & Rock",
		"Theme": "Medley",
		"Tempo": "Up tempo",
		"Language": "nl"
	},
	{
		"songName": "Luke Randall",
		"artistName": "Sacha Beck",
		"ensemble": "Mixed Choir",
		"Voicing": "SA",
		"Level": "Advanced",
		"Genre": "Country",
		"Theme": "Wedding",
		"Tempo": "Up tempo",
		"Language": "fr"
	},
	{
		"songName": "Paul Stark",
		"artistName": "James Williamson",
		"ensemble": "Men’s choir",
		"Voicing": "TB",
		"Level": "Intermediate",
		"Genre": "Contemporary",
		"Theme": "Funeral/Memorial",
		"Tempo": "Medium",
		"Language": "be"
	},
	{
		"songName": "Velma Lopez",
		"artistName": "Wallace Rowland",
		"ensemble": "Mixed Choir",
		"Voicing": "SSA divisi",
		"Level": "Intermediate",
		"Genre": "Country",
		"Theme": "Medley",
		"Tempo": "Changing",
		"Language": "eng"
	},
	{
		"songName": "Jared Britt",
		"artistName": "Diana Flynn",
		"ensemble": "Men’s choir",
		"Voicing": "unison",
		"Level": "Beginner",
		"Genre": "Pop & Rock",
		"Theme": "Medley",
		"Tempo": "Ballad",
		"Language": "it"
	},
	{
		"songName": "Eve Waller",
		"artistName": "Shea Kline",
		"ensemble": "Mixed Choir",
		"Voicing": "SSA divisi",
		"Level": "Advanced",
		"Genre": "Blues",
		"Theme": "Christmas",
		"Tempo": "Medium",
		"Language": "nl"
	},
	{
		"songName": "Dieter Hartman",
		"artistName": "Wyatt Brady",
		"ensemble": "Men’s choir",
		"Voicing": "SAB",
		"Level": "Beginner",
		"Genre": "R&B/Soul",
		"Theme": "Medley",
		"Tempo": "Changing",
		"Language": "es"
	},
	{
		"songName": "Nehru Cantu",
		"artistName": "Adrienne Cannon",
		"ensemble": "Mixed Choir",
		"Voicing": "unison",
		"Level": "Beginner",
		"Genre": "Sacred",
		"Theme": "Holiday",
		"Tempo": "Changing",
		"Language": "be"
	},
	{
		"songName": "Idola Beasley",
		"artistName": "Malik Cole",
		"ensemble": "Children’s choir",
		"Voicing": "SATB",
		"Level": "Advanced",
		"Genre": "Barbershop",
		"Theme": "Christmas",
		"Tempo": "Medium",
		"Language": "it"
	},
	{
		"songName": "Odysseus Bradley",
		"artistName": "Kyra Shannon",
		"ensemble": "Women’s choir",
		"Voicing": "SA",
		"Level": "Intermediate",
		"Genre": "Film",
		"Theme": "Funeral/Memorial",
		"Tempo": "Medium",
		"Language": "be"
	},
	{
		"songName": "Jena Olson",
		"artistName": "Oleg Jacobs",
		"ensemble": "Children’s choir",
		"Voicing": "SA",
		"Level": "Advanced",
		"Genre": "Pop & Rock",
		"Theme": "Christmas",
		"Tempo": "Changing",
		"Language": "be"
	},
	{
		"songName": "Clementine Edwards",
		"artistName": "Hanae Blankenship",
		"ensemble": "Mixed Choir",
		"Voicing": "SSA divisi",
		"Level": "Advanced",
		"Genre": "Contemporary",
		"Theme": "Christmas",
		"Tempo": "Up tempo",
		"Language": "es"
	},
	{
		"songName": "Bradley Mendez",
		"artistName": "Colorado Baldwin",
		"ensemble": "Women’s choir",
		"Voicing": "SA",
		"Level": "Intermediate",
		"Genre": "Country",
		"Theme": "Holiday",
		"Tempo": "Medium",
		"Language": "be"
	},
	{
		"songName": "Yoko Rowland",
		"artistName": "India Fowler",
		"ensemble": "Children’s choir",
		"Voicing": "2-part",
		"Level": "Beginner",
		"Genre": "World",
		"Theme": "Wedding",
		"Tempo": "Medium",
		"Language": "eng"
	},
	{
		"songName": "Jason Hawkins",
		"artistName": "Imogene Avila",
		"ensemble": "Men’s choir",
		"Voicing": "SSA divisi",
		"Level": "Intermediate",
		"Genre": "World",
		"Theme": "Christmas",
		"Tempo": "Up tempo",
		"Language": "it"
	},
	{
		"songName": "Drake Pennington",
		"artistName": "Odette Bradshaw",
		"ensemble": "Men’s choir",
		"Voicing": "SSA divisi",
		"Level": "Intermediate",
		"Genre": "Blues",
		"Theme": "Funeral/Memorial",
		"Tempo": "Changing",
		"Language": "nl"
	},
	{
		"songName": "Ahmed Serrano",
		"artistName": "Ulla Hill",
		"ensemble": "Men’s choir",
		"Voicing": "SSA",
		"Level": "Intermediate",
		"Genre": "Blues",
		"Theme": "Medley",
		"Tempo": "Ballad",
		"Language": "it"
	},
	{
		"songName": "Luke Ramsey",
		"artistName": "Eugenia Logan",
		"ensemble": "Mixed Choir",
		"Voicing": "TTBB",
		"Level": "Advanced",
		"Genre": "Opera",
		"Theme": "Christmas",
		"Tempo": "Changing",
		"Language": "it"
	},
	{
		"songName": "Melanie Monroe",
		"artistName": "Keefe Anderson",
		"ensemble": "Mixed Choir",
		"Voicing": "SSA divisi",
		"Level": "Beginner",
		"Genre": "Film",
		"Theme": "Funeral/Memorial",
		"Tempo": "Changing",
		"Language": "be"
	},
	{
		"songName": "Jarrod Jordan",
		"artistName": "Christen Raymond",
		"ensemble": "Women’s choir",
		"Voicing": "SATB",
		"Level": "Beginner",
		"Genre": "Classical",
		"Theme": "Christmas",
		"Tempo": "Up tempo",
		"Language": "nl"
	},
	{
		"songName": "Pandora Sanders",
		"artistName": "Grace Collins",
		"ensemble": "Mixed Choir",
		"Voicing": "unison",
		"Level": "Beginner",
		"Genre": "Latin",
		"Theme": "Holiday",
		"Tempo": "Medium",
		"Language": "nl"
	},
	{
		"songName": "Kelly Page",
		"artistName": "Rebecca Fox",
		"ensemble": "Men’s choir",
		"Voicing": "SATB divisi",
		"Level": "Advanced",
		"Genre": "Classical",
		"Theme": "Medley",
		"Tempo": "Medium",
		"Language": "be"
	},
	{
		"songName": "Samuel Frye",
		"artistName": "Carly Patel",
		"ensemble": "Children’s choir",
		"Voicing": "2-part",
		"Level": "Intermediate",
		"Genre": "Barbershop",
		"Theme": "Funeral/Memorial",
		"Tempo": "Up tempo",
		"Language": "eng"
	},
	{
		"songName": "Josephine Stevens",
		"artistName": "Sarah Lang",
		"ensemble": "Children’s choir",
		"Voicing": "SSA divisi",
		"Level": "Beginner",
		"Genre": "R&B/Soul",
		"Theme": "Holiday",
		"Tempo": "Up tempo",
		"Language": "es"
	},
	{
		"songName": "Connor Reese",
		"artistName": "Dieter House",
		"ensemble": "Mixed Choir",
		"Voicing": "2-part",
		"Level": "Beginner",
		"Genre": "Pop & Rock",
		"Theme": "Christmas",
		"Tempo": "Changing",
		"Language": "es"
	},
	{
		"songName": "David Harvey",
		"artistName": "Tatyana Finch",
		"ensemble": "Children’s choir",
		"Voicing": "SAB",
		"Level": "Advanced",
		"Genre": "Opera",
		"Theme": "Christmas",
		"Tempo": "Ballad",
		"Language": "it"
	},
	{
		"songName": "Bo Sutton",
		"artistName": "Doris Howell",
		"ensemble": "Men’s choir",
		"Voicing": "TTBB",
		"Level": "Advanced",
		"Genre": "Sacred",
		"Theme": "Holiday",
		"Tempo": "Medium",
		"Language": "es"
	},
	{
		"songName": "Xantha Saunders",
		"artistName": "Samuel Landry",
		"ensemble": "Children’s choir",
		"Voicing": "unison",
		"Level": "Intermediate",
		"Genre": "World",
		"Theme": "Wedding",
		"Tempo": "Changing",
		"Language": "nl"
	},
	{
		"songName": "Erich Douglas",
		"artistName": "Dante Powers",
		"ensemble": "Mixed Choir",
		"Voicing": "SA",
		"Level": "Beginner",
		"Genre": "Children",
		"Theme": "Funeral/Memorial",
		"Tempo": "Ballad",
		"Language": "fr"
	},
	{
		"songName": "Justine Rogers",
		"artistName": "Tanya Carney",
		"ensemble": "Men’s choir",
		"Voicing": "2-part",
		"Level": "Intermediate",
		"Genre": "Barbershop",
		"Theme": "Wedding",
		"Tempo": "Ballad",
		"Language": "eng"
	},
	{
		"songName": "Hillary Howard",
		"artistName": "Otto Battle",
		"ensemble": "Men’s choir",
		"Voicing": "unison",
		"Level": "Beginner",
		"Genre": "R&B/Soul",
		"Theme": "Funeral/Memorial",
		"Tempo": "Up tempo",
		"Language": "it"
	},
	{
		"songName": "Plato Freeman",
		"artistName": "Raya Anthony",
		"ensemble": "Children’s choir",
		"Voicing": "TTBB",
		"Level": "Advanced",
		"Genre": "Latin",
		"Theme": "Holiday",
		"Tempo": "Medium",
		"Language": "be"
	},
	{
		"songName": "Yetta Wheeler",
		"artistName": "Yoshio Baker",
		"ensemble": "Mixed Choir",
		"Voicing": "SAB",
		"Level": "Advanced",
		"Genre": "Barbershop",
		"Theme": "Funeral/Memorial",
		"Tempo": "Medium",
		"Language": "be"
	},
	{
		"songName": "Arden Dotson",
		"artistName": "Shannon Craig",
		"ensemble": "Men’s choir",
		"Voicing": "TB",
		"Level": "Intermediate",
		"Genre": "Opera",
		"Theme": "Christmas",
		"Tempo": "Medium",
		"Language": "it"
	},
	{
		"songName": "Remedios Boyer",
		"artistName": "Ezekiel Kramer",
		"ensemble": "Men’s choir",
		"Voicing": "SATB",
		"Level": "Advanced",
		"Genre": "TV & Musical",
		"Theme": "Christmas",
		"Tempo": "Ballad",
		"Language": "it"
	},
	{
		"songName": "Melyssa Monroe",
		"artistName": "Deborah Cooper",
		"ensemble": "Children’s choir",
		"Voicing": "SSA",
		"Level": "Intermediate",
		"Genre": "Jazz",
		"Theme": "Holiday",
		"Tempo": "Changing",
		"Language": "fr"
	},
	{
		"songName": "Melyssa Mclaughlin",
		"artistName": "Calvin Petty",
		"ensemble": "Women’s choir",
		"Voicing": "3-part",
		"Level": "Intermediate",
		"Genre": "Country",
		"Theme": "Medley",
		"Tempo": "Medium",
		"Language": "es"
	},
	{
		"songName": "Cameron Downs",
		"artistName": "Denise Henson",
		"ensemble": "Men’s choir",
		"Voicing": "SSA divisi",
		"Level": "Beginner",
		"Genre": "Country",
		"Theme": "Holiday",
		"Tempo": "Medium",
		"Language": "eng"
	},
	{
		"songName": "Xavier Middleton",
		"artistName": "Honorato Garner",
		"ensemble": "Children’s choir",
		"Voicing": "TB",
		"Level": "Advanced",
		"Genre": "Opera",
		"Theme": "Funeral/Memorial",
		"Tempo": "Up tempo",
		"Language": "it"
	},
	{
		"songName": "Flynn Marquez",
		"artistName": "Donovan Pate",
		"ensemble": "Mixed Choir",
		"Voicing": "SA",
		"Level": "Advanced",
		"Genre": "Barbershop",
		"Theme": "Medley",
		"Tempo": "Changing",
		"Language": "es"
	},
	{
		"songName": "Brady Mitchell",
		"artistName": "Ivor Snider",
		"ensemble": "Mixed Choir",
		"Voicing": "3-part",
		"Level": "Advanced",
		"Genre": "Contemporary",
		"Theme": "Christmas",
		"Tempo": "Up tempo",
		"Language": "fr"
	},
	{
		"songName": "Orla Heath",
		"artistName": "Peter Bowers",
		"ensemble": "Men’s choir",
		"Voicing": "2-part",
		"Level": "Advanced",
		"Genre": "Classical",
		"Theme": "Wedding",
		"Tempo": "Up tempo",
		"Language": "eng"
	},
	{
		"songName": "Ruby Cortez",
		"artistName": "Prescott Collins",
		"ensemble": "Mixed Choir",
		"Voicing": "SATB divisi",
		"Level": "Advanced",
		"Genre": "Pop & Rock",
		"Theme": "Wedding",
		"Tempo": "Up tempo",
		"Language": "es"
	},
	{
		"songName": "Aristotle Daniels",
		"artistName": "Germane Moses",
		"ensemble": "Children’s choir",
		"Voicing": "TB",
		"Level": "Beginner",
		"Genre": "Jazz",
		"Theme": "Funeral/Memorial",
		"Tempo": "Medium",
		"Language": "fr"
	},
	{
		"songName": "Uma Castillo",
		"artistName": "Ruby Duffy",
		"ensemble": "Children’s choir",
		"Voicing": "TB",
		"Level": "Beginner",
		"Genre": "TV & Musical",
		"Theme": "Christmas",
		"Tempo": "Changing",
		"Language": "eng"
	},
	{
		"songName": "Stewart Trujillo",
		"artistName": "Walter Head",
		"ensemble": "Women’s choir",
		"Voicing": "TTBB divisi",
		"Level": "Beginner",
		"Genre": "Latin",
		"Theme": "Medley",
		"Tempo": "Changing",
		"Language": "es"
	},
	{
		"songName": "Vielka Randolph",
		"artistName": "Camden Crane",
		"ensemble": "Men’s choir",
		"Voicing": "TTBB divisi",
		"Level": "Intermediate",
		"Genre": "Children",
		"Theme": "Wedding",
		"Tempo": "Medium",
		"Language": "it"
	},
	{
		"songName": "Kennan Mason",
		"artistName": "Mollie Guzman",
		"ensemble": "Women’s choir",
		"Voicing": "TTBB",
		"Level": "Intermediate",
		"Genre": "Sacred",
		"Theme": "Wedding",
		"Tempo": "Up tempo",
		"Language": "fr"
	},
	{
		"songName": "Todd Murphy",
		"artistName": "Uma Evans",
		"ensemble": "Men’s choir",
		"Voicing": "SSA",
		"Level": "Intermediate",
		"Genre": "Jazz",
		"Theme": "Christmas",
		"Tempo": "Ballad",
		"Language": "es"
	},
	{
		"songName": "Dexter Norris",
		"artistName": "Harding Small",
		"ensemble": "Mixed Choir",
		"Voicing": "3-part",
		"Level": "Beginner",
		"Genre": "R&B/Soul",
		"Theme": "Christmas",
		"Tempo": "Ballad",
		"Language": "it"
	},
	{
		"songName": "Brody Compton",
		"artistName": "Luke Mcguire",
		"ensemble": "Mixed Choir",
		"Voicing": "TTB/TBB",
		"Level": "Advanced",
		"Genre": "Contemporary",
		"Theme": "Funeral/Memorial",
		"Tempo": "Changing",
		"Language": "es"
	},
	{
		"songName": "Fay Carr",
		"artistName": "Hunter Odom",
		"ensemble": "Men’s choir",
		"Voicing": "3-part",
		"Level": "Advanced",
		"Genre": "Barbershop",
		"Theme": "Wedding",
		"Tempo": "Medium",
		"Language": "it"
	},
	{
		"songName": "Nerea Hogan",
		"artistName": "Tasha Holden",
		"ensemble": "Women’s choir",
		"Voicing": "SAB",
		"Level": "Advanced",
		"Genre": "Opera",
		"Theme": "Funeral/Memorial",
		"Tempo": "Ballad",
		"Language": "es"
	},
	{
		"songName": "Emma Petty",
		"artistName": "Tanya Mcfarland",
		"ensemble": "Men’s choir",
		"Voicing": "SSA divisi",
		"Level": "Beginner",
		"Genre": "TV & Musical",
		"Theme": "Funeral/Memorial",
		"Tempo": "Changing",
		"Language": "fr"
	},
	{
		"songName": "Levi Hunt",
		"artistName": "Emery Frank",
		"ensemble": "Men’s choir",
		"Voicing": "SA",
		"Level": "Advanced",
		"Genre": "Jazz",
		"Theme": "Funeral/Memorial",
		"Tempo": "Medium",
		"Language": "nl"
	},
	{
		"songName": "Ivy Alford",
		"artistName": "Tatyana James",
		"ensemble": "Women’s choir",
		"Voicing": "SA",
		"Level": "Advanced",
		"Genre": "World",
		"Theme": "Wedding",
		"Tempo": "Up tempo",
		"Language": "it"
	},
	{
		"songName": "Gillian Moore",
		"artistName": "Zahir Shaw",
		"ensemble": "Children’s choir",
		"Voicing": "SSA divisi",
		"Level": "Advanced",
		"Genre": "Film",
		"Theme": "Funeral/Memorial",
		"Tempo": "Medium",
		"Language": "it"
	},
	{
		"songName": "Beau Horn",
		"artistName": "Gavin Waller",
		"ensemble": "Children’s choir",
		"Voicing": "SSA",
		"Level": "Intermediate",
		"Genre": "Jazz",
		"Theme": "Holiday",
		"Tempo": "Ballad",
		"Language": "es"
	},
	{
		"songName": "Henry Roberts",
		"artistName": "Callum Moss",
		"ensemble": "Mixed Choir",
		"Voicing": "TB",
		"Level": "Beginner",
		"Genre": "Barbershop",
		"Theme": "Medley",
		"Tempo": "Changing",
		"Language": "eng"
	},
	{
		"songName": "August Harvey",
		"artistName": "Amal Heath",
		"ensemble": "Children’s choir",
		"Voicing": "SSA divisi",
		"Level": "Beginner",
		"Genre": "TV & Musical",
		"Theme": "Funeral/Memorial",
		"Tempo": "Ballad",
		"Language": "eng"
	},
	{
		"songName": "Callum Sellers",
		"artistName": "Julian Curry",
		"ensemble": "Men’s choir",
		"Voicing": "TTB/TBB",
		"Level": "Intermediate",
		"Genre": "Film",
		"Theme": "Christmas",
		"Tempo": "Medium",
		"Language": "fr"
	},
	{
		"songName": "Carter Gonzales",
		"artistName": "Courtney Snider",
		"ensemble": "Men’s choir",
		"Voicing": "SATB divisi",
		"Level": "Intermediate",
		"Genre": "Blues",
		"Theme": "Christmas",
		"Tempo": "Changing",
		"Language": "es"
	},
	{
		"songName": "Amos Carroll",
		"artistName": "Gloria Jones",
		"ensemble": "Children’s choir",
		"Voicing": "3-part",
		"Level": "Advanced",
		"Genre": "Pop & Rock",
		"Theme": "Medley",
		"Tempo": "Ballad",
		"Language": "eng"
	},
	{
		"songName": "Amy Combs",
		"artistName": "Macon Bradford",
		"ensemble": "Women’s choir",
		"Voicing": "SA",
		"Level": "Intermediate",
		"Genre": "TV & Musical",
		"Theme": "Holiday",
		"Tempo": "Medium",
		"Language": "nl"
	},
	{
		"songName": "Bernard Mosley",
		"artistName": "Ivan Schroeder",
		"ensemble": "Children’s choir",
		"Voicing": "TB",
		"Level": "Advanced",
		"Genre": "Children",
		"Theme": "Wedding",
		"Tempo": "Changing",
		"Language": "be"
	},
	{
		"songName": "Bruce Guy",
		"artistName": "Anastasia Joyner",
		"ensemble": "Children’s choir",
		"Voicing": "SA",
		"Level": "Intermediate",
		"Genre": "Country",
		"Theme": "Holiday",
		"Tempo": "Up tempo",
		"Language": "nl"
	},
	{
		"songName": "Paul Sharpe",
		"artistName": "Carson Page",
		"ensemble": "Children’s choir",
		"Voicing": "TTBB divisi",
		"Level": "Beginner",
		"Genre": "Sacred",
		"Theme": "Funeral/Memorial",
		"Tempo": "Up tempo",
		"Language": "es"
	},
	{
		"songName": "Simon Williams",
		"artistName": "Brody Shaw",
		"ensemble": "Mixed Choir",
		"Voicing": "SAB",
		"Level": "Beginner",
		"Genre": "Blues",
		"Theme": "Christmas",
		"Tempo": "Changing",
		"Language": "it"
	},
	{
		"songName": "Beau Evans",
		"artistName": "Connor Norman",
		"ensemble": "Mixed Choir",
		"Voicing": "unison",
		"Level": "Intermediate",
		"Genre": "TV & Musical",
		"Theme": "Holiday",
		"Tempo": "Ballad",
		"Language": "be"
	},
	{
		"songName": "Martha Malone",
		"artistName": "Marsden Stone",
		"ensemble": "Men’s choir",
		"Voicing": "2-part",
		"Level": "Beginner",
		"Genre": "Classical",
		"Theme": "Holiday",
		"Tempo": "Up tempo",
		"Language": "es"
	},
	{
		"songName": "Hasad Best",
		"artistName": "Wendy O'brien",
		"ensemble": "Mixed Choir",
		"Voicing": "unison",
		"Level": "Advanced",
		"Genre": "Blues",
		"Theme": "Christmas",
		"Tempo": "Ballad",
		"Language": "es"
	},
	{
		"songName": "Sara Navarro",
		"artistName": "Zenia Yang",
		"ensemble": "Men’s choir",
		"Voicing": "TTBB",
		"Level": "Advanced",
		"Genre": "Film",
		"Theme": "Holiday",
		"Tempo": "Up tempo",
		"Language": "fr"
	},
	{
		"songName": "Richard Noel",
		"artistName": "Kevyn Mcbride",
		"ensemble": "Men’s choir",
		"Voicing": "SA",
		"Level": "Beginner",
		"Genre": "R&B/Soul",
		"Theme": "Funeral/Memorial",
		"Tempo": "Up tempo",
		"Language": "nl"
	},
	{
		"songName": "Elaine Jordan",
		"artistName": "Kyra Frye",
		"ensemble": "Mixed Choir",
		"Voicing": "SA",
		"Level": "Intermediate",
		"Genre": "Opera",
		"Theme": "Holiday",
		"Tempo": "Ballad",
		"Language": "eng"
	},
	{
		"songName": "Paul Sargent",
		"artistName": "Dai Mcdonald",
		"ensemble": "Mixed Choir",
		"Voicing": "unison",
		"Level": "Advanced",
		"Genre": "Blues",
		"Theme": "Wedding",
		"Tempo": "Medium",
		"Language": "it"
	},
	{
		"songName": "Sebastian Robbins",
		"artistName": "Jolie Woodard",
		"ensemble": "Mixed Choir",
		"Voicing": "2-part",
		"Level": "Intermediate",
		"Genre": "Contemporary",
		"Theme": "Holiday",
		"Tempo": "Medium",
		"Language": "be"
	},
	{
		"songName": "Illiana Mason",
		"artistName": "Jamal Soto",
		"ensemble": "Women’s choir",
		"Voicing": "SATB",
		"Level": "Intermediate",
		"Genre": "Pop & Rock",
		"Theme": "Funeral/Memorial",
		"Tempo": "Medium",
		"Language": "eng"
	},
	{
		"songName": "Marsden Rosales",
		"artistName": "Geoffrey Burnett",
		"ensemble": "Children’s choir",
		"Voicing": "unison",
		"Level": "Intermediate",
		"Genre": "Blues",
		"Theme": "Wedding",
		"Tempo": "Medium",
		"Language": "eng"
	},
	{
		"songName": "Alexandra Ballard",
		"artistName": "Jena Henry",
		"ensemble": "Mixed Choir",
		"Voicing": "unison",
		"Level": "Beginner",
		"Genre": "Country",
		"Theme": "Christmas",
		"Tempo": "Up tempo",
		"Language": "be"
	},
	{
		"songName": "Allistair Palmer",
		"artistName": "Demetrius Leon",
		"ensemble": "Mixed Choir",
		"Voicing": "SATB divisi",
		"Level": "Advanced",
		"Genre": "Blues",
		"Theme": "Wedding",
		"Tempo": "Up tempo",
		"Language": "fr"
	},
	{
		"songName": "Abbot Cameron",
		"artistName": "Cameron Hawkins",
		"ensemble": "Mixed Choir",
		"Voicing": "TB",
		"Level": "Advanced",
		"Genre": "Jazz",
		"Theme": "Christmas",
		"Tempo": "Medium",
		"Language": "nl"
	},
	{
		"songName": "Chase Hendricks",
		"artistName": "Troy Camacho",
		"ensemble": "Mixed Choir",
		"Voicing": "TTBB divisi",
		"Level": "Intermediate",
		"Genre": "R&B/Soul",
		"Theme": "Holiday",
		"Tempo": "Changing",
		"Language": "it"
	},
	{
		"songName": "Jolene Carrillo",
		"artistName": "Fulton Lopez",
		"ensemble": "Children’s choir",
		"Voicing": "SATB",
		"Level": "Intermediate",
		"Genre": "Sacred",
		"Theme": "Funeral/Memorial",
		"Tempo": "Ballad",
		"Language": "nl"
	},
	{
		"songName": "Graham Lynn",
		"artistName": "Signe Buckley",
		"ensemble": "Women’s choir",
		"Voicing": "unison",
		"Level": "Beginner",
		"Genre": "Contemporary",
		"Theme": "Wedding",
		"Tempo": "Changing",
		"Language": "eng"
	},
	{
		"songName": "Noelle Massey",
		"artistName": "Ezekiel Carter",
		"ensemble": "Children’s choir",
		"Voicing": "double choir",
		"Level": "Advanced",
		"Genre": "Country",
		"Theme": "Wedding",
		"Tempo": "Medium",
		"Language": "es"
	},
	{
		"songName": "Hadassah Kerr",
		"artistName": "Igor Mcguire",
		"ensemble": "Children’s choir",
		"Voicing": "TTBB divisi",
		"Level": "Intermediate",
		"Genre": "Classical",
		"Theme": "Holiday",
		"Tempo": "Ballad",
		"Language": "es"
	},
	{
		"songName": "Arthur Wise",
		"artistName": "Ciara Stein",
		"ensemble": "Women’s choir",
		"Voicing": "2-part",
		"Level": "Intermediate",
		"Genre": "Children",
		"Theme": "Funeral/Memorial",
		"Tempo": "Medium",
		"Language": "eng"
	},
	{
		"songName": "Aquila Nixon",
		"artistName": "Trevor Mckay",
		"ensemble": "Children’s choir",
		"Voicing": "SATB",
		"Level": "Intermediate",
		"Genre": "Jazz",
		"Theme": "Holiday",
		"Tempo": "Changing",
		"Language": "fr"
	},
	{
		"songName": "Zenia Brooks",
		"artistName": "Kiayada Blevins",
		"ensemble": "Mixed Choir",
		"Voicing": "TB",
		"Level": "Advanced",
		"Genre": "Sacred",
		"Theme": "Funeral/Memorial",
		"Tempo": "Up tempo",
		"Language": "it"
	},
	{
		"songName": "Paloma Robertson",
		"artistName": "Orson Lucas",
		"ensemble": "Children’s choir",
		"Voicing": "3-part",
		"Level": "Advanced",
		"Genre": "Contemporary",
		"Theme": "Christmas",
		"Tempo": "Changing",
		"Language": "fr"
	},
	{
		"songName": "Caleb Rollins",
		"artistName": "Aileen Brewer",
		"ensemble": "Children’s choir",
		"Voicing": "TTB/TBB",
		"Level": "Advanced",
		"Genre": "World",
		"Theme": "Wedding",
		"Tempo": "Ballad",
		"Language": "fr"
	},
	{
		"songName": "Virginia Neal",
		"artistName": "Madeline Shelton",
		"ensemble": "Children’s choir",
		"Voicing": "TB",
		"Level": "Advanced",
		"Genre": "Children",
		"Theme": "Funeral/Memorial",
		"Tempo": "Medium",
		"Language": "eng"
	},
	{
		"songName": "Rachel Love",
		"artistName": "Craig Hopper",
		"ensemble": "Women’s choir",
		"Voicing": "unison",
		"Level": "Intermediate",
		"Genre": "Contemporary",
		"Theme": "Medley",
		"Tempo": "Ballad",
		"Language": "nl"
	},
	{
		"songName": "Quamar Oneil",
		"artistName": "Rylee Guerrero",
		"ensemble": "Women’s choir",
		"Voicing": "TTB/TBB",
		"Level": "Intermediate",
		"Genre": "R&B/Soul",
		"Theme": "Wedding",
		"Tempo": "Ballad",
		"Language": "it"
	},
	{
		"songName": "Velma Chandler",
		"artistName": "Myra Swanson",
		"ensemble": "Men’s choir",
		"Voicing": "TTBB",
		"Level": "Intermediate",
		"Genre": "Film",
		"Theme": "Funeral/Memorial",
		"Tempo": "Changing",
		"Language": "fr"
	},
	{
		"songName": "Hilary Bolton",
		"artistName": "Josephine Black",
		"ensemble": "Women’s choir",
		"Voicing": "TTBB",
		"Level": "Advanced",
		"Genre": "Film",
		"Theme": "Holiday",
		"Tempo": "Ballad",
		"Language": "es"
	},
	{
		"songName": "Tatyana Golden",
		"artistName": "Guinevere Gentry",
		"ensemble": "Mixed Choir",
		"Voicing": "SATB",
		"Level": "Beginner",
		"Genre": "Blues",
		"Theme": "Christmas",
		"Tempo": "Changing",
		"Language": "be"
	},
	{
		"songName": "Ray Carter",
		"artistName": "Karyn Copeland",
		"ensemble": "Women’s choir",
		"Voicing": "SATB",
		"Level": "Beginner",
		"Genre": "Jazz",
		"Theme": "Funeral/Memorial",
		"Tempo": "Ballad",
		"Language": "eng"
	},
	{
		"songName": "Keefe Cain",
		"artistName": "Quinlan Black",
		"ensemble": "Mixed Choir",
		"Voicing": "TTBB",
		"Level": "Advanced",
		"Genre": "World",
		"Theme": "Medley",
		"Tempo": "Up tempo",
		"Language": "it"
	},
	{
		"songName": "Selma Vang",
		"artistName": "Abdul Francis",
		"ensemble": "Men’s choir",
		"Voicing": "3-part",
		"Level": "Intermediate",
		"Genre": "Country",
		"Theme": "Christmas",
		"Tempo": "Medium",
		"Language": "es"
	},
	{
		"songName": "Roary Salas",
		"artistName": "Elmo Baldwin",
		"ensemble": "Women’s choir",
		"Voicing": "3-part",
		"Level": "Beginner",
		"Genre": "Pop & Rock",
		"Theme": "Christmas",
		"Tempo": "Ballad",
		"Language": "es"
	},
	{
		"songName": "Imelda Banks",
		"artistName": "Mohammad Roberson",
		"ensemble": "Children’s choir",
		"Voicing": "double choir",
		"Level": "Advanced",
		"Genre": "Sacred",
		"Theme": "Medley",
		"Tempo": "Changing",
		"Language": "be"
	},
	{
		"songName": "Rebecca Wolfe",
		"artistName": "Ima Pacheco",
		"ensemble": "Men’s choir",
		"Voicing": "TTBB divisi",
		"Level": "Beginner",
		"Genre": "Pop & Rock",
		"Theme": "Wedding",
		"Tempo": "Changing",
		"Language": "eng"
	},
	{
		"songName": "Ralph Curtis",
		"artistName": "Maia Jefferson",
		"ensemble": "Women’s choir",
		"Voicing": "3-part",
		"Level": "Advanced",
		"Genre": "Country",
		"Theme": "Funeral/Memorial",
		"Tempo": "Up tempo",
		"Language": "it"
	},
	{
		"songName": "Slade Acosta",
		"artistName": "Lamar Boyer",
		"ensemble": "Women’s choir",
		"Voicing": "SA",
		"Level": "Advanced",
		"Genre": "Country",
		"Theme": "Christmas",
		"Tempo": "Medium",
		"Language": "fr"
	},
	{
		"songName": "Salvador Randall",
		"artistName": "Rebekah Schwartz",
		"ensemble": "Children’s choir",
		"Voicing": "3-part",
		"Level": "Advanced",
		"Genre": "Film",
		"Theme": "Funeral/Memorial",
		"Tempo": "Up tempo",
		"Language": "it"
	},
	{
		"songName": "Germane Dunn",
		"artistName": "Lani Potter",
		"ensemble": "Children’s choir",
		"Voicing": "SSA divisi",
		"Level": "Intermediate",
		"Genre": "Blues",
		"Theme": "Funeral/Memorial",
		"Tempo": "Ballad",
		"Language": "be"
	},
	{
		"songName": "Shaeleigh Lee",
		"artistName": "Brandon Valentine",
		"ensemble": "Children’s choir",
		"Voicing": "SSA divisi",
		"Level": "Beginner",
		"Genre": "World",
		"Theme": "Medley",
		"Tempo": "Up tempo",
		"Language": "it"
	},
	{
		"songName": "Shelley West",
		"artistName": "Eleanor Nash",
		"ensemble": "Women’s choir",
		"Voicing": "TTBB",
		"Level": "Advanced",
		"Genre": "Latin",
		"Theme": "Funeral/Memorial",
		"Tempo": "Ballad",
		"Language": "nl"
	},
	{
		"songName": "Gisela Franco",
		"artistName": "Heather Lester",
		"ensemble": "Men’s choir",
		"Voicing": "TTB/TBB",
		"Level": "Beginner",
		"Genre": "Classical",
		"Theme": "Holiday",
		"Tempo": "Medium",
		"Language": "it"
	},
	{
		"songName": "Stella Sykes",
		"artistName": "Yuli Smith",
		"ensemble": "Men’s choir",
		"Voicing": "TTBB",
		"Level": "Intermediate",
		"Genre": "R&B/Soul",
		"Theme": "Wedding",
		"Tempo": "Medium",
		"Language": "it"
	},
	{
		"songName": "Cally Sharpe",
		"artistName": "Howard Bush",
		"ensemble": "Mixed Choir",
		"Voicing": "2-part",
		"Level": "Intermediate",
		"Genre": "TV & Musical",
		"Theme": "Christmas",
		"Tempo": "Ballad",
		"Language": "es"
	},
	{
		"songName": "Cedric Dickerson",
		"artistName": "Mufutau Key",
		"ensemble": "Men’s choir",
		"Voicing": "TTBB",
		"Level": "Beginner",
		"Genre": "Classical",
		"Theme": "Christmas",
		"Tempo": "Changing",
		"Language": "be"
	},
	{
		"songName": "Octavia Franklin",
		"artistName": "Leigh Drake",
		"ensemble": "Children’s choir",
		"Voicing": "SSA divisi",
		"Level": "Beginner",
		"Genre": "R&B/Soul",
		"Theme": "Wedding",
		"Tempo": "Medium",
		"Language": "be"
	},
	{
		"songName": "Aspen Hooper",
		"artistName": "Winifred Horne",
		"ensemble": "Children’s choir",
		"Voicing": "double choir",
		"Level": "Beginner",
		"Genre": "Pop & Rock",
		"Theme": "Funeral/Memorial",
		"Tempo": "Medium",
		"Language": "nl"
	},
	{
		"songName": "Maya Wall",
		"artistName": "Basil Mcintyre",
		"ensemble": "Men’s choir",
		"Voicing": "double choir",
		"Level": "Intermediate",
		"Genre": "Blues",
		"Theme": "Medley",
		"Tempo": "Up tempo",
		"Language": "fr"
	},
	{
		"songName": "Devin Washington",
		"artistName": "Warren Burch",
		"ensemble": "Women’s choir",
		"Voicing": "3-part",
		"Level": "Intermediate",
		"Genre": "TV & Musical",
		"Theme": "Medley",
		"Tempo": "Up tempo",
		"Language": "nl"
	},
	{
		"songName": "Neville Sweeney",
		"artistName": "Brianna Stein",
		"ensemble": "Men’s choir",
		"Voicing": "SATB divisi",
		"Level": "Beginner",
		"Genre": "R&B/Soul",
		"Theme": "Christmas",
		"Tempo": "Medium",
		"Language": "be"
	},
	{
		"songName": "Cailin Velez",
		"artistName": "Ahmed Rodriquez",
		"ensemble": "Mixed Choir",
		"Voicing": "double choir",
		"Level": "Intermediate",
		"Genre": "Children",
		"Theme": "Holiday",
		"Tempo": "Up tempo",
		"Language": "fr"
	},
	{
		"songName": "Aquila Whitaker",
		"artistName": "Igor Cross",
		"ensemble": "Women’s choir",
		"Voicing": "TTB/TBB",
		"Level": "Beginner",
		"Genre": "Film",
		"Theme": "Medley",
		"Tempo": "Changing",
		"Language": "fr"
	},
	{
		"songName": "Brendan Snider",
		"artistName": "Kiayada Holt",
		"ensemble": "Children’s choir",
		"Voicing": "SATB",
		"Level": "Intermediate",
		"Genre": "World",
		"Theme": "Funeral/Memorial",
		"Tempo": "Up tempo",
		"Language": "es"
	},
	{
		"songName": "Regan Berry",
		"artistName": "Grace Flores",
		"ensemble": "Mixed Choir",
		"Voicing": "2-part",
		"Level": "Intermediate",
		"Genre": "Country",
		"Theme": "Wedding",
		"Tempo": "Medium",
		"Language": "nl"
	},
	{
		"songName": "Ila Manning",
		"artistName": "Chava Le",
		"ensemble": "Men’s choir",
		"Voicing": "SA",
		"Level": "Beginner",
		"Genre": "Film",
		"Theme": "Funeral/Memorial",
		"Tempo": "Up tempo",
		"Language": "es"
	},
	{
		"songName": "Kasper Acosta",
		"artistName": "Maxwell Martin",
		"ensemble": "Men’s choir",
		"Voicing": "TTBB",
		"Level": "Beginner",
		"Genre": "Opera",
		"Theme": "Wedding",
		"Tempo": "Medium",
		"Language": "eng"
	},
	{
		"songName": "Cooper Shelton",
		"artistName": "Rhona Carroll",
		"ensemble": "Men’s choir",
		"Voicing": "unison",
		"Level": "Intermediate",
		"Genre": "Jazz",
		"Theme": "Christmas",
		"Tempo": "Changing",
		"Language": "nl"
	},
	{
		"songName": "Glenna Navarro",
		"artistName": "Ori Le",
		"ensemble": "Children’s choir",
		"Voicing": "TTBB",
		"Level": "Intermediate",
		"Genre": "TV & Musical",
		"Theme": "Wedding",
		"Tempo": "Changing",
		"Language": "it"
	},
	{
		"songName": "Joy Lowe",
		"artistName": "May Wilson",
		"ensemble": "Children’s choir",
		"Voicing": "SA",
		"Level": "Beginner",
		"Genre": "Contemporary",
		"Theme": "Medley",
		"Tempo": "Medium",
		"Language": "it"
	},
	{
		"songName": "Signe Bartlett",
		"artistName": "Demetria Hodge",
		"ensemble": "Children’s choir",
		"Voicing": "double choir",
		"Level": "Advanced",
		"Genre": "Blues",
		"Theme": "Medley",
		"Tempo": "Ballad",
		"Language": "it"
	},
	{
		"songName": "Ainsley Barron",
		"artistName": "Fay Davidson",
		"ensemble": "Women’s choir",
		"Voicing": "unison",
		"Level": "Advanced",
		"Genre": "Barbershop",
		"Theme": "Wedding",
		"Tempo": "Changing",
		"Language": "be"
	},
	{
		"songName": "Hannah Mayo",
		"artistName": "Lucius Holt",
		"ensemble": "Women’s choir",
		"Voicing": "TTB/TBB",
		"Level": "Intermediate",
		"Genre": "R&B/Soul",
		"Theme": "Funeral/Memorial",
		"Tempo": "Ballad",
		"Language": "it"
	},
	{
		"songName": "Idona Steele",
		"artistName": "Evangeline Pennington",
		"ensemble": "Mixed Choir",
		"Voicing": "3-part",
		"Level": "Advanced",
		"Genre": "Classical",
		"Theme": "Wedding",
		"Tempo": "Medium",
		"Language": "eng"
	},
	{
		"songName": "Phoebe Snider",
		"artistName": "Cherokee Newman",
		"ensemble": "Mixed Choir",
		"Voicing": "2-part",
		"Level": "Beginner",
		"Genre": "Sacred",
		"Theme": "Medley",
		"Tempo": "Changing",
		"Language": "nl"
	},
	{
		"songName": "Paula Manning",
		"artistName": "Aurora Carson",
		"ensemble": "Mixed Choir",
		"Voicing": "SATB",
		"Level": "Beginner",
		"Genre": "Opera",
		"Theme": "Funeral/Memorial",
		"Tempo": "Up tempo",
		"Language": "es"
	},
	{
		"songName": "Russell Foreman",
		"artistName": "Hall Gay",
		"ensemble": "Women’s choir",
		"Voicing": "unison",
		"Level": "Intermediate",
		"Genre": "Contemporary",
		"Theme": "Christmas",
		"Tempo": "Changing",
		"Language": "es"
	},
	{
		"songName": "Colton Ayala",
		"artistName": "Julian Elliott",
		"ensemble": "Mixed Choir",
		"Voicing": "SSA divisi",
		"Level": "Advanced",
		"Genre": "Blues",
		"Theme": "Wedding",
		"Tempo": "Medium",
		"Language": "fr"
	},
	{
		"songName": "Adam Mooney",
		"artistName": "Phelan Schroeder",
		"ensemble": "Women’s choir",
		"Voicing": "SAB",
		"Level": "Advanced",
		"Genre": "Sacred",
		"Theme": "Holiday",
		"Tempo": "Changing",
		"Language": "eng"
	},
	{
		"songName": "Maia Lamb",
		"artistName": "Veda Dunlap",
		"ensemble": "Mixed Choir",
		"Voicing": "SA",
		"Level": "Beginner",
		"Genre": "Country",
		"Theme": "Wedding",
		"Tempo": "Medium",
		"Language": "be"
	},
	{
		"songName": "Giacomo Hood",
		"artistName": "Ramona Holman",
		"ensemble": "Children’s choir",
		"Voicing": "SATB",
		"Level": "Intermediate",
		"Genre": "World",
		"Theme": "Wedding",
		"Tempo": "Ballad",
		"Language": "it"
	},
	{
		"songName": "Calvin Mckee",
		"artistName": "Ocean Dyer",
		"ensemble": "Men’s choir",
		"Voicing": "unison",
		"Level": "Advanced",
		"Genre": "Latin",
		"Theme": "Funeral/Memorial",
		"Tempo": "Up tempo",
		"Language": "be"
	},
	{
		"songName": "Shaeleigh Lee",
		"artistName": "Fitzgerald Bolton",
		"ensemble": "Men’s choir",
		"Voicing": "SAB",
		"Level": "Intermediate",
		"Genre": "World",
		"Theme": "Holiday",
		"Tempo": "Changing",
		"Language": "be"
	},
	{
		"songName": "Vivian Neal",
		"artistName": "Felicia Hester",
		"ensemble": "Women’s choir",
		"Voicing": "TTB/TBB",
		"Level": "Beginner",
		"Genre": "World",
		"Theme": "Medley",
		"Tempo": "Changing",
		"Language": "it"
	},
	{
		"songName": "Buckminster Hobbs",
		"artistName": "Rebekah Mccormick",
		"ensemble": "Mixed Choir",
		"Voicing": "unison",
		"Level": "Intermediate",
		"Genre": "Opera",
		"Theme": "Holiday",
		"Tempo": "Medium",
		"Language": "eng"
	},
	{
		"songName": "Madaline Michael",
		"artistName": "Walter Jacobs",
		"ensemble": "Children’s choir",
		"Voicing": "SAB",
		"Level": "Beginner",
		"Genre": "Sacred",
		"Theme": "Wedding",
		"Tempo": "Changing",
		"Language": "es"
	},
	{
		"songName": "Jamalia Massey",
		"artistName": "Hamilton Garrison",
		"ensemble": "Women’s choir",
		"Voicing": "TTBB",
		"Level": "Beginner",
		"Genre": "Children",
		"Theme": "Medley",
		"Tempo": "Ballad",
		"Language": "eng"
	},
	{
		"songName": "Dominique Bartlett",
		"artistName": "Beverly Richardson",
		"ensemble": "Children’s choir",
		"Voicing": "unison",
		"Level": "Beginner",
		"Genre": "TV & Musical",
		"Theme": "Christmas",
		"Tempo": "Up tempo",
		"Language": "es"
	},
	{
		"songName": "Alana Weber",
		"artistName": "Harrison Valentine",
		"ensemble": "Men’s choir",
		"Voicing": "SSA",
		"Level": "Advanced",
		"Genre": "Country",
		"Theme": "Christmas",
		"Tempo": "Medium",
		"Language": "nl"
	},
	{
		"songName": "Maile Osborn",
		"artistName": "Deirdre Henson",
		"ensemble": "Mixed Choir",
		"Voicing": "3-part",
		"Level": "Advanced",
		"Genre": "R&B/Soul",
		"Theme": "Holiday",
		"Tempo": "Ballad",
		"Language": "eng"
	},
	{
		"songName": "Bell Fitzgerald",
		"artistName": "Jescie Jarvis",
		"ensemble": "Children’s choir",
		"Voicing": "TB",
		"Level": "Intermediate",
		"Genre": "TV & Musical",
		"Theme": "Funeral/Memorial",
		"Tempo": "Ballad",
		"Language": "es"
	},
	{
		"songName": "Blaze Cummings",
		"artistName": "Arden Parrish",
		"ensemble": "Mixed Choir",
		"Voicing": "SAB",
		"Level": "Advanced",
		"Genre": "Sacred",
		"Theme": "Christmas",
		"Tempo": "Medium",
		"Language": "be"
	},
	{
		"songName": "Stacey Lindsay",
		"artistName": "Isaac Mccoy",
		"ensemble": "Women’s choir",
		"Voicing": "TTB/TBB",
		"Level": "Advanced",
		"Genre": "Contemporary",
		"Theme": "Funeral/Memorial",
		"Tempo": "Up tempo",
		"Language": "es"
	},
	{
		"songName": "Chester Malone",
		"artistName": "Wyatt Suarez",
		"ensemble": "Women’s choir",
		"Voicing": "SAB",
		"Level": "Advanced",
		"Genre": "Country",
		"Theme": "Christmas",
		"Tempo": "Medium",
		"Language": "it"
	},
	{
		"songName": "Madonna Olson",
		"artistName": "Sebastian Beard",
		"ensemble": "Children’s choir",
		"Voicing": "SA",
		"Level": "Intermediate",
		"Genre": "R&B/Soul",
		"Theme": "Holiday",
		"Tempo": "Changing",
		"Language": "eng"
	},
	{
		"songName": "Griffin Holman",
		"artistName": "Dana Barnes",
		"ensemble": "Men’s choir",
		"Voicing": "SATB divisi",
		"Level": "Intermediate",
		"Genre": "World",
		"Theme": "Holiday",
		"Tempo": "Changing",
		"Language": "nl"
	},
	{
		"songName": "Garth Kerr",
		"artistName": "Tucker Mccarthy",
		"ensemble": "Women’s choir",
		"Voicing": "2-part",
		"Level": "Intermediate",
		"Genre": "Sacred",
		"Theme": "Christmas",
		"Tempo": "Changing",
		"Language": "es"
	},
	{
		"songName": "Carla Herring",
		"artistName": "Orli Hatfield",
		"ensemble": "Children’s choir",
		"Voicing": "SATB divisi",
		"Level": "Beginner",
		"Genre": "Contemporary",
		"Theme": "Holiday",
		"Tempo": "Medium",
		"Language": "es"
	},
	{
		"songName": "Linus Lawson",
		"artistName": "Sopoline Baird",
		"ensemble": "Mixed Choir",
		"Voicing": "3-part",
		"Level": "Beginner",
		"Genre": "Latin",
		"Theme": "Holiday",
		"Tempo": "Medium",
		"Language": "fr"
	},
	{
		"songName": "Scarlett Ball",
		"artistName": "Aiko Rodgers",
		"ensemble": "Men’s choir",
		"Voicing": "TTBB divisi",
		"Level": "Advanced",
		"Genre": "Opera",
		"Theme": "Holiday",
		"Tempo": "Medium",
		"Language": "nl"
	},
	{
		"songName": "Craig Rice",
		"artistName": "Nola Woodward",
		"ensemble": "Children’s choir",
		"Voicing": "double choir",
		"Level": "Beginner",
		"Genre": "World",
		"Theme": "Funeral/Memorial",
		"Tempo": "Changing",
		"Language": "es"
	},
	{
		"songName": "Eric Boyer",
		"artistName": "Rana Bailey",
		"ensemble": "Children’s choir",
		"Voicing": "unison",
		"Level": "Intermediate",
		"Genre": "Pop & Rock",
		"Theme": "Christmas",
		"Tempo": "Ballad",
		"Language": "be"
	},
	{
		"songName": "Yael Fisher",
		"artistName": "Denise Davis",
		"ensemble": "Women’s choir",
		"Voicing": "TB",
		"Level": "Advanced",
		"Genre": "Film",
		"Theme": "Wedding",
		"Tempo": "Changing",
		"Language": "eng"
	},
	{
		"songName": "Holmes Owen",
		"artistName": "Tallulah Guerra",
		"ensemble": "Children’s choir",
		"Voicing": "TB",
		"Level": "Beginner",
		"Genre": "Jazz",
		"Theme": "Wedding",
		"Tempo": "Up tempo",
		"Language": "fr"
	},
	{
		"songName": "Chastity Tyson",
		"artistName": "Brenden Carr",
		"ensemble": "Women’s choir",
		"Voicing": "SSA",
		"Level": "Beginner",
		"Genre": "Opera",
		"Theme": "Wedding",
		"Tempo": "Up tempo",
		"Language": "es"
	},
	{
		"songName": "Miranda Heath",
		"artistName": "Kane Odom",
		"ensemble": "Mixed Choir",
		"Voicing": "unison",
		"Level": "Intermediate",
		"Genre": "Contemporary",
		"Theme": "Holiday",
		"Tempo": "Ballad",
		"Language": "nl"
	},
	{
		"songName": "Barclay Evans",
		"artistName": "Jakeem Greene",
		"ensemble": "Children’s choir",
		"Voicing": "SATB",
		"Level": "Beginner",
		"Genre": "TV & Musical",
		"Theme": "Wedding",
		"Tempo": "Up tempo",
		"Language": "fr"
	},
	{
		"songName": "Chase Harrison",
		"artistName": "Elijah Blackwell",
		"ensemble": "Women’s choir",
		"Voicing": "SATB",
		"Level": "Intermediate",
		"Genre": "R&B/Soul",
		"Theme": "Christmas",
		"Tempo": "Ballad",
		"Language": "eng"
	},
	{
		"songName": "Quail Moss",
		"artistName": "Kenyon Kirkland",
		"ensemble": "Women’s choir",
		"Voicing": "SSA",
		"Level": "Advanced",
		"Genre": "Contemporary",
		"Theme": "Wedding",
		"Tempo": "Ballad",
		"Language": "fr"
	},
	{
		"songName": "Christian Mack",
		"artistName": "Yuri Rush",
		"ensemble": "Women’s choir",
		"Voicing": "TB",
		"Level": "Intermediate",
		"Genre": "Children",
		"Theme": "Funeral/Memorial",
		"Tempo": "Changing",
		"Language": "nl"
	},
	{
		"songName": "Isabella Cotton",
		"artistName": "Gabriel Ramos",
		"ensemble": "Men’s choir",
		"Voicing": "SSA divisi",
		"Level": "Intermediate",
		"Genre": "Latin",
		"Theme": "Medley",
		"Tempo": "Medium",
		"Language": "nl"
	},
	{
		"songName": "Isadora Simpson",
		"artistName": "Steven Gould",
		"ensemble": "Men’s choir",
		"Voicing": "2-part",
		"Level": "Advanced",
		"Genre": "TV & Musical",
		"Theme": "Wedding",
		"Tempo": "Up tempo",
		"Language": "nl"
	},
	{
		"songName": "Finn Jennings",
		"artistName": "Lani Hoover",
		"ensemble": "Women’s choir",
		"Voicing": "2-part",
		"Level": "Beginner",
		"Genre": "Barbershop",
		"Theme": "Wedding",
		"Tempo": "Changing",
		"Language": "eng"
	},
	{
		"songName": "Castor Stevens",
		"artistName": "Lane Ellison",
		"ensemble": "Men’s choir",
		"Voicing": "2-part",
		"Level": "Intermediate",
		"Genre": "Opera",
		"Theme": "Funeral/Memorial",
		"Tempo": "Ballad",
		"Language": "es"
	},
	{
		"songName": "Hammett Humphrey",
		"artistName": "Carter Simon",
		"ensemble": "Children’s choir",
		"Voicing": "2-part",
		"Level": "Intermediate",
		"Genre": "Children",
		"Theme": "Wedding",
		"Tempo": "Up tempo",
		"Language": "nl"
	},
	{
		"songName": "Cameran French",
		"artistName": "Mallory Barker",
		"ensemble": "Children’s choir",
		"Voicing": "double choir",
		"Level": "Intermediate",
		"Genre": "Contemporary",
		"Theme": "Holiday",
		"Tempo": "Changing",
		"Language": "be"
	},
	{
		"songName": "Adara Garza",
		"artistName": "Salvador Stein",
		"ensemble": "Mixed Choir",
		"Voicing": "SA",
		"Level": "Intermediate",
		"Genre": "Jazz",
		"Theme": "Medley",
		"Tempo": "Medium",
		"Language": "es"
	},
	{
		"songName": "Eliana Peterson",
		"artistName": "Maile Huffman",
		"ensemble": "Children’s choir",
		"Voicing": "double choir",
		"Level": "Advanced",
		"Genre": "Children",
		"Theme": "Wedding",
		"Tempo": "Up tempo",
		"Language": "fr"
	},
	{
		"songName": "Jackson Duncan",
		"artistName": "Brandon Jordan",
		"ensemble": "Men’s choir",
		"Voicing": "unison",
		"Level": "Advanced",
		"Genre": "Pop & Rock",
		"Theme": "Medley",
		"Tempo": "Ballad",
		"Language": "be"
	},
	{
		"songName": "Athena Sanders",
		"artistName": "Clio Mayo",
		"ensemble": "Children’s choir",
		"Voicing": "SSA",
		"Level": "Advanced",
		"Genre": "Barbershop",
		"Theme": "Medley",
		"Tempo": "Changing",
		"Language": "it"
	},
	{
		"songName": "Tanek Walls",
		"artistName": "Martin Knight",
		"ensemble": "Children’s choir",
		"Voicing": "TTBB divisi",
		"Level": "Intermediate",
		"Genre": "Classical",
		"Theme": "Holiday",
		"Tempo": "Changing",
		"Language": "fr"
	},
	{
		"songName": "Amal Miller",
		"artistName": "Kasimir Blankenship",
		"ensemble": "Mixed Choir",
		"Voicing": "3-part",
		"Level": "Advanced",
		"Genre": "Pop & Rock",
		"Theme": "Christmas",
		"Tempo": "Ballad",
		"Language": "it"
	},
	{
		"songName": "Armand Simon",
		"artistName": "Whilemina Mendez",
		"ensemble": "Men’s choir",
		"Voicing": "SATB",
		"Level": "Intermediate",
		"Genre": "Opera",
		"Theme": "Christmas",
		"Tempo": "Changing",
		"Language": "eng"
	},
	{
		"songName": "Mason Harrell",
		"artistName": "Marvin Perry",
		"ensemble": "Men’s choir",
		"Voicing": "TB",
		"Level": "Beginner",
		"Genre": "Children",
		"Theme": "Christmas",
		"Tempo": "Ballad",
		"Language": "be"
	},
	{
		"songName": "Melinda Greene",
		"artistName": "Cain Fisher",
		"ensemble": "Children’s choir",
		"Voicing": "double choir",
		"Level": "Intermediate",
		"Genre": "Country",
		"Theme": "Wedding",
		"Tempo": "Changing",
		"Language": "nl"
	},
	{
		"songName": "Alvin Crawford",
		"artistName": "Briar Monroe",
		"ensemble": "Men’s choir",
		"Voicing": "TTBB",
		"Level": "Advanced",
		"Genre": "Blues",
		"Theme": "Holiday",
		"Tempo": "Medium",
		"Language": "nl"
	},
	{
		"songName": "Harriet Huff",
		"artistName": "Rebecca Bates",
		"ensemble": "Children’s choir",
		"Voicing": "TTBB divisi",
		"Level": "Advanced",
		"Genre": "TV & Musical",
		"Theme": "Christmas",
		"Tempo": "Changing",
		"Language": "it"
	},
	{
		"songName": "Ivory Hays",
		"artistName": "Phelan Dyer",
		"ensemble": "Women’s choir",
		"Voicing": "TTBB",
		"Level": "Beginner",
		"Genre": "TV & Musical",
		"Theme": "Christmas",
		"Tempo": "Ballad",
		"Language": "nl"
	},
	{
		"songName": "Minerva Hardin",
		"artistName": "Ahmed Workman",
		"ensemble": "Women’s choir",
		"Voicing": "2-part",
		"Level": "Beginner",
		"Genre": "Contemporary",
		"Theme": "Funeral/Memorial",
		"Tempo": "Changing",
		"Language": "eng"
	},
	{
		"songName": "Yael Madden",
		"artistName": "Lila Peters",
		"ensemble": "Children’s choir",
		"Voicing": "unison",
		"Level": "Beginner",
		"Genre": "World",
		"Theme": "Medley",
		"Tempo": "Up tempo",
		"Language": "nl"
	},
	{
		"songName": "Rina Michael",
		"artistName": "Lisandra Sandoval",
		"ensemble": "Men’s choir",
		"Voicing": "TTBB divisi",
		"Level": "Advanced",
		"Genre": "Children",
		"Theme": "Holiday",
		"Tempo": "Changing",
		"Language": "nl"
	},
	{
		"songName": "Xenos Williams",
		"artistName": "Wanda Beck",
		"ensemble": "Children’s choir",
		"Voicing": "TTBB",
		"Level": "Beginner",
		"Genre": "Country",
		"Theme": "Funeral/Memorial",
		"Tempo": "Medium",
		"Language": "fr"
	},
	{
		"songName": "Buckminster Sosa",
		"artistName": "Yvette Atkinson",
		"ensemble": "Men’s choir",
		"Voicing": "TTBB",
		"Level": "Beginner",
		"Genre": "Sacred",
		"Theme": "Funeral/Memorial",
		"Tempo": "Up tempo",
		"Language": "fr"
	},
	{
		"songName": "Lars Chang",
		"artistName": "Seth Hensley",
		"ensemble": "Mixed Choir",
		"Voicing": "unison",
		"Level": "Beginner",
		"Genre": "Contemporary",
		"Theme": "Funeral/Memorial",
		"Tempo": "Changing",
		"Language": "fr"
	},
	{
		"songName": "Lyle Stevens",
		"artistName": "Lyle Talley",
		"ensemble": "Men’s choir",
		"Voicing": "SATB divisi",
		"Level": "Beginner",
		"Genre": "Sacred",
		"Theme": "Christmas",
		"Tempo": "Ballad",
		"Language": "es"
	},
	{
		"songName": "Oren Webster",
		"artistName": "Kennedy Lindsey",
		"ensemble": "Mixed Choir",
		"Voicing": "TTBB",
		"Level": "Intermediate",
		"Genre": "Opera",
		"Theme": "Christmas",
		"Tempo": "Up tempo",
		"Language": "eng"
	},
	{
		"songName": "Anjolie Head",
		"artistName": "Garth Burks",
		"ensemble": "Children’s choir",
		"Voicing": "SA",
		"Level": "Advanced",
		"Genre": "Opera",
		"Theme": "Holiday",
		"Tempo": "Changing",
		"Language": "be"
	},
	{
		"songName": "Amena Sutton",
		"artistName": "Keane Bridges",
		"ensemble": "Children’s choir",
		"Voicing": "TB",
		"Level": "Beginner",
		"Genre": "R&B/Soul",
		"Theme": "Wedding",
		"Tempo": "Medium",
		"Language": "it"
	},
	{
		"songName": "Lillith Morin",
		"artistName": "MacKenzie Chambers",
		"ensemble": "Women’s choir",
		"Voicing": "SATB",
		"Level": "Intermediate",
		"Genre": "Latin",
		"Theme": "Medley",
		"Tempo": "Up tempo",
		"Language": "be"
	},
	{
		"songName": "Deborah Pickett",
		"artistName": "Medge Macdonald",
		"ensemble": "Children’s choir",
		"Voicing": "TTBB",
		"Level": "Beginner",
		"Genre": "Blues",
		"Theme": "Holiday",
		"Tempo": "Medium",
		"Language": "fr"
	},
	{
		"songName": "Alvin Miles",
		"artistName": "Jacqueline Lopez",
		"ensemble": "Women’s choir",
		"Voicing": "double choir",
		"Level": "Advanced",
		"Genre": "Pop & Rock",
		"Theme": "Christmas",
		"Tempo": "Ballad",
		"Language": "it"
	},
	{
		"songName": "Griffin Brock",
		"artistName": "Sybil Ratliff",
		"ensemble": "Mixed Choir",
		"Voicing": "TTB/TBB",
		"Level": "Intermediate",
		"Genre": "Barbershop",
		"Theme": "Medley",
		"Tempo": "Medium",
		"Language": "be"
	},
	{
		"songName": "Joshua Sexton",
		"artistName": "Naida Cooper",
		"ensemble": "Children’s choir",
		"Voicing": "TTBB divisi",
		"Level": "Beginner",
		"Genre": "Latin",
		"Theme": "Holiday",
		"Tempo": "Changing",
		"Language": "it"
	}
]